/Users/saureous/Documents/Git/Basecaller/deePore/data/training_chr3_350/chr3-77131.bmp,00000000000000000000000001110000000000000000000000000
/Users/saureous/Documents/Git/Basecaller/deePore/data/training_chr3_350/chr3-77174.bmp,000000000000000000000000010000000000000000000000000
/Users/saureous/Documents/Git/Basecaller/deePore/data/training_chr3_350/chr3-77765.bmp,000000000000000000000000011100000000000000000000000
/Users/saureous/Documents/Git/Basecaller/deePore/data/training_chr3_350/chr3-78007.bmp,000000000000000000000000020000000000000000000011100
/Users/saureous/Documents/Git/Basecaller/deePore/data/training_chr3_350/chr3-78028.bmp,000020000000000000000000011100000000000000000000000
/Users/saureous/Documents/Git/Basecaller/deePore/data/training_chr3_350/chr3-78029.bmp,000200000000000000000000111000000000000000000000000
/Users/saureous/Documents/Git/Basecaller/deePore/data/training_chr3_350/chr3-78030.bmp,002000000000000000000001110000000000000000000000000
/Users/saureous/Documents/Git/Basecaller/deePore/data/training_chr3_350/chr3-78740.bmp,000000000000000000000000010000000000000000000000000
/Users/saureous/Documents/Git/Basecaller/deePore/data/training_chr3_350/chr3-78898.bmp,000000000000000000000000010000000000000000000000000
/Users/saureous/Documents/Git/Basecaller/deePore/data/training_chr3_350/chr3-79102.bmp,000000000000000000000000010000000000000000000000000
/Users/saureous/Documents/Git/Basecaller/deePore/data/training_chr3_350/chr3-79222.bmp,000000000000000000000000010000000000000000000000000
/Users/saureous/Documents/Git/Basecaller/deePore/data/training_chr3_350/chr3-79967.bmp,000000000000000000000000010000000000000000000000000
/Users/saureous/Documents/Git/Basecaller/deePore/data/training_chr3_350/chr3-80797.bmp,000000000000000000000000010000000000000000000000000
/Users/saureous/Documents/Git/Basecaller/deePore/data/training_chr3_350/chr3-80957.bmp,000000000000000000000000010000000000000000000000000
/Users/saureous/Documents/Git/Basecaller/deePore/data/training_chr3_350/chr3-81179.bmp,000000000000000000000000010000000000000000000000000
/Users/saureous/Documents/Git/Basecaller/deePore/data/training_chr3_350/chr3-81251.bmp,000000000000000000000000010001000002200000000000000
/Users/saureous/Documents/Git/Basecaller/deePore/data/training_chr3_350/chr3-81255.bmp,000000000000000000000100010000022000000000000000000
/Users/saureous/Documents/Git/Basecaller/deePore/data/training_chr3_350/chr3-81261.bmp,000000000000000100010000022000000000000000000000000
/Users/saureous/Documents/Git/Basecaller/deePore/data/training_chr3_350/chr3-81299.bmp,000000000000000000000000010000000000000000000000000
/Users/saureous/Documents/Git/Basecaller/deePore/data/training_chr3_350/chr3-81377.bmp,000000000000000000000000010000000000000000000001000
/Users/saureous/Documents/Git/Basecaller/deePore/data/training_chr3_350/chr3-81399.bmp,000100000000000000000000010000010000000000000000000
/Users/saureous/Documents/Git/Basecaller/deePore/data/training_chr3_350/chr3-81405.bmp,0000000000000333300000010000010000000000000000000000000
/Users/saureous/Documents/Git/Basecaller/deePore/data/training_chr3_350/chr3-82396.bmp,000000000000000000000000010000000000000000000000000
/Users/saureous/Documents/Git/Basecaller/deePore/data/training_chr3_350/chr3-82860.bmp,000000000000000000000000020000000000000000000000000
/Users/saureous/Documents/Git/Basecaller/deePore/data/training_chr3_350/chr3-84060.bmp,000000000000000000000000011111111111000000000000000
/Users/saureous/Documents/Git/Basecaller/deePore/data/training_chr3_350/chr3-85045.bmp,000000000000000000000000010000000000000000000000000
/Users/saureous/Documents/Git/Basecaller/deePore/data/training_chr3_350/chr3-85551.bmp,000000000000000000000000010000000000000000000000000
/Users/saureous/Documents/Git/Basecaller/deePore/data/training_chr3_350/chr3-85673.bmp,000000000000000000000000020000000000000000000000000
/Users/saureous/Documents/Git/Basecaller/deePore/data/training_chr3_350/chr3-86029.bmp,00000000000000000000000002222000000020000000000000000
/Users/saureous/Documents/Git/Basecaller/deePore/data/training_chr3_350/chr3-86030.bmp,00000000000000000000000022220000000200000000000000000
/Users/saureous/Documents/Git/Basecaller/deePore/data/training_chr3_350/chr3-86038.bmp,00000000000000002222000000020000000000000000000000000
/Users/saureous/Documents/Git/Basecaller/deePore/data/training_chr3_350/chr3-86204.bmp,000000000000000000000000010000000000000000000000000
/Users/saureous/Documents/Git/Basecaller/deePore/data/training_chr3_350/chr3-86625.bmp,000000000000000000000000010000000000000000000000000
/Users/saureous/Documents/Git/Basecaller/deePore/data/training_chr3_350/chr3-87176.bmp,000000000000000000000000010000000000000000000000000
/Users/saureous/Documents/Git/Basecaller/deePore/data/training_chr3_350/chr3-87232.bmp,000000000000000000000000010000000000000000000000000
/Users/saureous/Documents/Git/Basecaller/deePore/data/training_chr3_350/chr3-87750.bmp,000000000000000000000000011000000000000000000000000
/Users/saureous/Documents/Git/Basecaller/deePore/data/training_chr3_350/chr3-87751.bmp,000000000000000000000000110000000000000000000000000
/Users/saureous/Documents/Git/Basecaller/deePore/data/training_chr3_350/chr3-88011.bmp,000000000000000000000000010000000000000000000000000
/Users/saureous/Documents/Git/Basecaller/deePore/data/training_chr3_350/chr3-88643.bmp,000000000000000000000000010000000000000000000000000
/Users/saureous/Documents/Git/Basecaller/deePore/data/training_chr3_350/chr3-89412.bmp,000000000000000000000000010000000000000000000000000
/Users/saureous/Documents/Git/Basecaller/deePore/data/training_chr3_350/chr3-89511.bmp,000000000000000000000000010000000000000000000000000
/Users/saureous/Documents/Git/Basecaller/deePore/data/training_chr3_350/chr3-90670.bmp,000000000000000000000000010000000000000000000000000
/Users/saureous/Documents/Git/Basecaller/deePore/data/training_chr3_350/chr3-90843.bmp,000000000000000000000000011111111100000000000000000
/Users/saureous/Documents/Git/Basecaller/deePore/data/training_chr3_350/chr3-90844.bmp,000000000000000000000000111111111000000000000000000
/Users/saureous/Documents/Git/Basecaller/deePore/data/training_chr3_350/chr3-90845.bmp,000000000000000000000001111111110000000000000000000
/Users/saureous/Documents/Git/Basecaller/deePore/data/training_chr3_350/chr3-90846.bmp,000000000000000000000011111111100000000000000000000
/Users/saureous/Documents/Git/Basecaller/deePore/data/training_chr3_350/chr3-90847.bmp,000000000000000000000111111111000000000000000000000
/Users/saureous/Documents/Git/Basecaller/deePore/data/training_chr3_350/chr3-90848.bmp,000000000000000000001111111110000000000000000000000
/Users/saureous/Documents/Git/Basecaller/deePore/data/training_chr3_350/chr3-90849.bmp,000000000000000000011111111100000000000000000000000
/Users/saureous/Documents/Git/Basecaller/deePore/data/training_chr3_350/chr3-90850.bmp,000000000000000000111111111000000000000000000000000
/Users/saureous/Documents/Git/Basecaller/deePore/data/training_chr3_350/chr3-90851.bmp,000000000000000001111111110000000000000000000000000
/Users/saureous/Documents/Git/Basecaller/deePore/data/training_chr3_350/chr3-90910.bmp,000000000000000000000000010000000000000000000000000
/Users/saureous/Documents/Git/Basecaller/deePore/data/training_chr3_350/chr3-91119.bmp,000000000000000000000000010000000000000000000000000
/Users/saureous/Documents/Git/Basecaller/deePore/data/training_chr3_350/chr3-91197.bmp,000000000000000000000000010000000000000000000000000
/Users/saureous/Documents/Git/Basecaller/deePore/data/training_chr3_350/chr3-91404.bmp,000000000000000000000000011111100000000000000000000
/Users/saureous/Documents/Git/Basecaller/deePore/data/training_chr3_350/chr3-91405.bmp,000000000000000000000000111111000000000000000000000
/Users/saureous/Documents/Git/Basecaller/deePore/data/training_chr3_350/chr3-91406.bmp,0000000000000000000000301111110000000000000000000000
/Users/saureous/Documents/Git/Basecaller/deePore/data/training_chr3_350/chr3-91407.bmp,0000000000000000000003011111100000000000000000000000
/Users/saureous/Documents/Git/Basecaller/deePore/data/training_chr3_350/chr3-91408.bmp,0000000000000000000030111111000000000000000000000000
/Users/saureous/Documents/Git/Basecaller/deePore/data/training_chr3_350/chr3-91409.bmp,0000000000000000000301111110000000000000000000000000
/Users/saureous/Documents/Git/Basecaller/deePore/data/training_chr3_350/chr3-91785.bmp,000000000000000000000000011100000000000000000000000
/Users/saureous/Documents/Git/Basecaller/deePore/data/training_chr3_350/chr3-91786.bmp,000000000000000000000000111000000000000000000000000
/Users/saureous/Documents/Git/Basecaller/deePore/data/training_chr3_350/chr3-91787.bmp,000000000000000000000001110000000000000000000000000
/Users/saureous/Documents/Git/Basecaller/deePore/data/training_chr3_350/chr3-92697.bmp,00000000000003300000000033000130000000000100000000000000
/Users/saureous/Documents/Git/Basecaller/deePore/data/training_chr3_350/chr3-92708.bmp,003300000330000330001000000000010000000000000000000000000
/Users/saureous/Documents/Git/Basecaller/deePore/data/training_chr3_350/chr3-92774.bmp,000000000000000000000000010000000200000000000000000
/Users/saureous/Documents/Git/Basecaller/deePore/data/training_chr3_350/chr3-92782.bmp,000000000000000001000000020000000000000000000000000
/Users/saureous/Documents/Git/Basecaller/deePore/data/training_chr3_350/chr3-92833.bmp,000000000000000000000000020000000000010000000000000
/Users/saureous/Documents/Git/Basecaller/deePore/data/training_chr3_350/chr3-92845.bmp,000000000000020000000000010000000000000000000000000
/Users/saureous/Documents/Git/Basecaller/deePore/data/training_chr3_350/chr3-93078.bmp,000000000000000000000000010000000000000000000000000
/Users/saureous/Documents/Git/Basecaller/deePore/data/training_chr3_350/chr3-93445.bmp,000000000000000000000000010000000000000000000000000
/Users/saureous/Documents/Git/Basecaller/deePore/data/training_chr3_350/chr3-94150.bmp,000000000000000000000000010000000000000000000000001
/Users/saureous/Documents/Git/Basecaller/deePore/data/training_chr3_350/chr3-94175.bmp,100000000000000000000000010000000000000000000000000
/Users/saureous/Documents/Git/Basecaller/deePore/data/training_chr3_350/chr3-94278.bmp,000000000000000000000000020000000000000000000000000
/Users/saureous/Documents/Git/Basecaller/deePore/data/training_chr3_350/chr3-94752.bmp,000000000000000000000000020000000000000000000000000
/Users/saureous/Documents/Git/Basecaller/deePore/data/training_chr3_350/chr3-94802.bmp,000000000000000000000000010000000000000000000000000
/Users/saureous/Documents/Git/Basecaller/deePore/data/training_chr3_350/chr3-95172.bmp,000000000000000000000000020000000000000000000000000
/Users/saureous/Documents/Git/Basecaller/deePore/data/training_chr3_350/chr3-95357.bmp,000000000000000000000000010000000000000000000000000
/Users/saureous/Documents/Git/Basecaller/deePore/data/training_chr3_350/chr3-95597.bmp,000000000000000000000000010000000000000000000000000
/Users/saureous/Documents/Git/Basecaller/deePore/data/training_chr3_350/chr3-95726.bmp,000000000000000000000000011100000000000000000000000
/Users/saureous/Documents/Git/Basecaller/deePore/data/training_chr3_350/chr3-95727.bmp,000000000000000000000000111000000000000000000000000
/Users/saureous/Documents/Git/Basecaller/deePore/data/training_chr3_350/chr3-95728.bmp,0000000000000300000000001110000000000000000000000000
/Users/saureous/Documents/Git/Basecaller/deePore/data/training_chr3_350/chr3-95973.bmp,000000000000000000000000020000000000000000000000000
/Users/saureous/Documents/Git/Basecaller/deePore/data/training_chr3_350/chr3-96701.bmp,000000000000000000000000010000000000000000000000000
/Users/saureous/Documents/Git/Basecaller/deePore/data/training_chr3_350/chr3-96855.bmp,000000000000000000000000010000000000000000000000000
/Users/saureous/Documents/Git/Basecaller/deePore/data/training_chr3_350/chr3-97918.bmp,000000000000000000000000010000000000000000000000000
/Users/saureous/Documents/Git/Basecaller/deePore/data/training_chr3_350/chr3-99083.bmp,000000000000000000000000010000000000000000000000000
/Users/saureous/Documents/Git/Basecaller/deePore/data/training_chr3_350/chr3-99601.bmp,0000000000000000000000000010003000000000000000000000
/Users/saureous/Documents/Git/Basecaller/deePore/data/training_chr3_350/chr3-99602.bmp,0000000000000000000000000100030000000000000000000000
/Users/saureous/Documents/Git/Basecaller/deePore/data/training_chr3_350/chr3-100921.bmp,000000000000000000000000010000000000000000000000000
/Users/saureous/Documents/Git/Basecaller/deePore/data/training_chr3_350/chr3-103948.bmp,000000000000000000000000010000000000000000000000000
/Users/saureous/Documents/Git/Basecaller/deePore/data/training_chr3_350/chr3-104222.bmp,000000000000000000000000010000000000000000000000000
/Users/saureous/Documents/Git/Basecaller/deePore/data/training_chr3_350/chr3-104321.bmp,000000000000000000000000010000000000000000000000000
/Users/saureous/Documents/Git/Basecaller/deePore/data/training_chr3_350/chr3-104426.bmp,000000000000000000000000010000000000000000000000000
/Users/saureous/Documents/Git/Basecaller/deePore/data/training_chr3_350/chr3-104972.bmp,000000000000000000000000010000000000000000000000000
/Users/saureous/Documents/Git/Basecaller/deePore/data/training_chr3_350/chr3-105365.bmp,000000000000000000000000010000000000000000000000000
/Users/saureous/Documents/Git/Basecaller/deePore/data/training_chr3_350/chr3-106355.bmp,000000000000000000000000010000000000000000000000000
/Users/saureous/Documents/Git/Basecaller/deePore/data/training_chr3_350/chr3-106424.bmp,000000000000000000000000010000000000000000000000000
/Users/saureous/Documents/Git/Basecaller/deePore/data/training_chr3_350/chr3-107776.bmp,000000000000000000000000010000000000000200000000000
/Users/saureous/Documents/Git/Basecaller/deePore/data/training_chr3_350/chr3-107790.bmp,000000000001000000000000020000000000000000000000000
/Users/saureous/Documents/Git/Basecaller/deePore/data/training_chr3_350/chr3-107915.bmp,000000000000000000000000010000000000000000000000000
/Users/saureous/Documents/Git/Basecaller/deePore/data/training_chr3_350/chr3-108093.bmp,000000000000000000000000011000000000000000000000000
/Users/saureous/Documents/Git/Basecaller/deePore/data/training_chr3_350/chr3-108094.bmp,000000000000000000000000110000000000000000000000000
/Users/saureous/Documents/Git/Basecaller/deePore/data/training_chr3_350/chr3-108226.bmp,000000000000000000000000010000000000000000000000000
/Users/saureous/Documents/Git/Basecaller/deePore/data/training_chr3_350/chr3-108352.bmp,000000000000000000000000010000000000000000000000000
/Users/saureous/Documents/Git/Basecaller/deePore/data/training_chr3_350/chr3-108614.bmp,000000000000000000000000010000000000000000000000000
/Users/saureous/Documents/Git/Basecaller/deePore/data/training_chr3_350/chr3-108658.bmp,000000000000000000000000011300000000000000000000000300
/Users/saureous/Documents/Git/Basecaller/deePore/data/training_chr3_350/chr3-108804.bmp,000000000000000000000000010000000000000000000000000
/Users/saureous/Documents/Git/Basecaller/deePore/data/training_chr3_350/chr3-108993.bmp,000000000000000000000000010000000000000020000000000
/Users/saureous/Documents/Git/Basecaller/deePore/data/training_chr3_350/chr3-109008.bmp,000000000010000000000000020000000000000000000000000
/Users/saureous/Documents/Git/Basecaller/deePore/data/training_chr3_350/chr3-109357.bmp,000000000000000000000000011113331110000000000000000000000
/Users/saureous/Documents/Git/Basecaller/deePore/data/training_chr3_350/chr3-109414.bmp,000000000000000000000000010000000000000000000000000
/Users/saureous/Documents/Git/Basecaller/deePore/data/training_chr3_350/chr3-109644.bmp,000000000000000000000000010000000000000000000000000
/Users/saureous/Documents/Git/Basecaller/deePore/data/training_chr3_350/chr3-110257.bmp,000000000000000000000000010000000000000000000000000
/Users/saureous/Documents/Git/Basecaller/deePore/data/training_chr3_350/chr3-110720.bmp,000000000000000000000000010000000000000000000000000
/Users/saureous/Documents/Git/Basecaller/deePore/data/training_chr3_350/chr3-110972.bmp,000000000000000000000000020000000000100000000000000
/Users/saureous/Documents/Git/Basecaller/deePore/data/training_chr3_350/chr3-110983.bmp,000000000000002000000000010000000000000000000000000
/Users/saureous/Documents/Git/Basecaller/deePore/data/training_chr3_350/chr3-111206.bmp,00000000000000333000000003000130000000000000000000000000
/Users/saureous/Documents/Git/Basecaller/deePore/data/training_chr3_350/chr3-111206.bmp,00000000000000333000000003000130000000000000000000000000
/Users/saureous/Documents/Git/Basecaller/deePore/data/training_chr3_350/chr3-111945.bmp,0000000000000000000000000100000030000000000000000000
/Users/saureous/Documents/Git/Basecaller/deePore/data/training_chr3_350/chr3-112232.bmp,000000000000000000000000010000000000000000000000000
/Users/saureous/Documents/Git/Basecaller/deePore/data/training_chr3_350/chr3-113534.bmp,000000000000000000000000010000000000000000000000000
/Users/saureous/Documents/Git/Basecaller/deePore/data/training_chr3_350/chr3-113621.bmp,000000000000000000000000020000000200000000000000000
/Users/saureous/Documents/Git/Basecaller/deePore/data/training_chr3_350/chr3-113629.bmp,000000000000000002000000020000000000000000000000000
/Users/saureous/Documents/Git/Basecaller/deePore/data/training_chr3_350/chr3-114133.bmp,000000000000000000000000010000000000000000000000000
/Users/saureous/Documents/Git/Basecaller/deePore/data/training_chr3_350/chr3-114895.bmp,000000000000000000000000010000000000000000000000000
/Users/saureous/Documents/Git/Basecaller/deePore/data/training_chr3_350/chr3-116498.bmp,000000000000000000000000010000000000000000000000000
/Users/saureous/Documents/Git/Basecaller/deePore/data/training_chr3_350/chr3-116640.bmp,000000000000000000000000010000000000000000000000000
/Users/saureous/Documents/Git/Basecaller/deePore/data/training_chr3_350/chr3-117152.bmp,000000000000000000000000010000000000000000000000000
/Users/saureous/Documents/Git/Basecaller/deePore/data/training_chr3_350/chr3-117543.bmp,000000000000000000000000010000000000000100000000000
/Users/saureous/Documents/Git/Basecaller/deePore/data/training_chr3_350/chr3-117557.bmp,000000000001000000000000010000000000000000000000000
/Users/saureous/Documents/Git/Basecaller/deePore/data/training_chr3_350/chr3-118118.bmp,000000000000000000000000010000000000000000000000000
/Users/saureous/Documents/Git/Basecaller/deePore/data/training_chr3_350/chr3-119023.bmp,000000000000000000000000010000000000000000000000000
/Users/saureous/Documents/Git/Basecaller/deePore/data/training_chr3_350/chr3-119376.bmp,000000000000000000000000010000000000000000000000000
/Users/saureous/Documents/Git/Basecaller/deePore/data/training_chr3_350/chr3-119892.bmp,000000000000000000000000010000000000000000000000000
/Users/saureous/Documents/Git/Basecaller/deePore/data/training_chr3_350/chr3-120207.bmp,000000000000000000000000010000000000001000000000000
/Users/saureous/Documents/Git/Basecaller/deePore/data/training_chr3_350/chr3-120220.bmp,000000000000100000000000010000000000000000000000000
/Users/saureous/Documents/Git/Basecaller/deePore/data/training_chr3_350/chr3-120321.bmp,000000000000000000000000020000000000000000000000000
/Users/saureous/Documents/Git/Basecaller/deePore/data/training_chr3_350/chr3-120401.bmp,000000000000000000000000010000000000000000000000000
/Users/saureous/Documents/Git/Basecaller/deePore/data/training_chr3_350/chr3-121226.bmp,000000000000000000000000010000000000000000000000000
/Users/saureous/Documents/Git/Basecaller/deePore/data/training_chr3_350/chr3-121335.bmp,000000000000000000000000010000000000000000000000000
/Users/saureous/Documents/Git/Basecaller/deePore/data/training_chr3_350/chr3-121753.bmp,000000000000000000000000020000000000000000000000000
/Users/saureous/Documents/Git/Basecaller/deePore/data/training_chr3_350/chr3-122770.bmp,000000000000000000000000010000000000000000000000000
/Users/saureous/Documents/Git/Basecaller/deePore/data/training_chr3_350/chr3-125183.bmp,000000000000000000000000010000000000000000000000000
/Users/saureous/Documents/Git/Basecaller/deePore/data/training_chr3_350/chr3-125307.bmp,000000000000000000000000022000000000000000000000000
/Users/saureous/Documents/Git/Basecaller/deePore/data/training_chr3_350/chr3-125808.bmp,000000000000000000000000010000000000000000000000000
/Users/saureous/Documents/Git/Basecaller/deePore/data/training_chr3_350/chr3-125862.bmp,000000000000000000000000010000000000000000000000000
/Users/saureous/Documents/Git/Basecaller/deePore/data/training_chr3_350/chr3-126456.bmp,000000000000000000000000010000000000000000000000000
/Users/saureous/Documents/Git/Basecaller/deePore/data/training_chr3_350/chr3-126629.bmp,000000000000000000000000010000000000000000000000000
/Users/saureous/Documents/Git/Basecaller/deePore/data/training_chr3_350/chr3-127644.bmp,000000000000000000000000010000000000000000000000000
/Users/saureous/Documents/Git/Basecaller/deePore/data/training_chr3_350/chr3-127804.bmp,000000000000000000000000010000000000000000000000000
/Users/saureous/Documents/Git/Basecaller/deePore/data/training_chr3_350/chr3-128697.bmp,000000000000000000000000010000000000000000000000000
/Users/saureous/Documents/Git/Basecaller/deePore/data/training_chr3_350/chr3-129178.bmp,00000000000000000000000001330000000000000000000000000
/Users/saureous/Documents/Git/Basecaller/deePore/data/training_chr3_350/chr3-129215.bmp,0000000000000000000000000100300000000330000000000000030
/Users/saureous/Documents/Git/Basecaller/deePore/data/training_chr3_350/chr3-129228.bmp,00000000000010030000000033000000000000003030000000000000
/Users/saureous/Documents/Git/Basecaller/deePore/data/training_chr3_350/chr3-129230.bmp,003000000001003000000003330000000000000030000000000000000
/Users/saureous/Documents/Git/Basecaller/deePore/data/training_chr3_350/chr3-129246.bmp,0000033300000000000000030000000000000000000000000000000
/Users/saureous/Documents/Git/Basecaller/deePore/data/training_chr3_350/chr3-129256.bmp,000000000303000000000000000000000000000000003000200000
/Users/saureous/Documents/Git/Basecaller/deePore/data/training_chr3_350/chr3-129276.bmp,0000000000000000000000300020000001000000000000000000
/Users/saureous/Documents/Git/Basecaller/deePore/data/training_chr3_350/chr3-129283.bmp,0000000000000003000200000010000000000000000000000000
/Users/saureous/Documents/Git/Basecaller/deePore/data/training_chr3_350/chr3-129477.bmp,000000000000000000000000010000000000000000000000000
/Users/saureous/Documents/Git/Basecaller/deePore/data/training_chr3_350/chr3-129504.bmp,000000000000000000000000010000000000000000000000000
/Users/saureous/Documents/Git/Basecaller/deePore/data/training_chr3_350/chr3-131977.bmp,000000000000000000000000010000000000000000000000000
/Users/saureous/Documents/Git/Basecaller/deePore/data/training_chr3_350/chr3-132054.bmp,000000000000000000000000010000000000000000000000000
/Users/saureous/Documents/Git/Basecaller/deePore/data/training_chr3_350/chr3-132937.bmp,000000000000000000000000010000000000000000000000000
/Users/saureous/Documents/Git/Basecaller/deePore/data/training_chr3_350/chr3-133412.bmp,000000000000000000000000010000000000000000001000000
/Users/saureous/Documents/Git/Basecaller/deePore/data/training_chr3_350/chr3-133431.bmp,000000100000000000000000010000000000000000000000000
/Users/saureous/Documents/Git/Basecaller/deePore/data/training_chr3_350/chr3-134685.bmp,000000000000000000000000010000000000000000000000000
/Users/saureous/Documents/Git/Basecaller/deePore/data/training_chr3_350/chr3-134991.bmp,000000000000000000000000020000000000000000000000000
/Users/saureous/Documents/Git/Basecaller/deePore/data/training_chr3_350/chr3-135806.bmp,000000000000000000000000020000000000000000000000000
/Users/saureous/Documents/Git/Basecaller/deePore/data/training_chr3_350/chr3-136399.bmp,000000000000000000000000010000000000000000000000000
/Users/saureous/Documents/Git/Basecaller/deePore/data/training_chr3_350/chr3-136825.bmp,000000000000000000000000020000000000100000000000000
/Users/saureous/Documents/Git/Basecaller/deePore/data/training_chr3_350/chr3-136836.bmp,000000000000002000000000010000000000000000000000000
/Users/saureous/Documents/Git/Basecaller/deePore/data/training_chr3_350/chr3-137224.bmp,000000000000000000000000022000000011000000000000000
/Users/saureous/Documents/Git/Basecaller/deePore/data/training_chr3_350/chr3-137233.bmp,000000000000000022000000011000000000000000000000000
/Users/saureous/Documents/Git/Basecaller/deePore/data/training_chr3_350/chr3-137234.bmp,000000000000000220000000110000000000000000000000000
/Users/saureous/Documents/Git/Basecaller/deePore/data/training_chr3_350/chr3-137306.bmp,000000000000000000000000020000000000000000000000000
/Users/saureous/Documents/Git/Basecaller/deePore/data/training_chr3_350/chr3-137868.bmp,000000000000000000000000010000000000000000000000000
/Users/saureous/Documents/Git/Basecaller/deePore/data/training_chr3_350/chr3-138909.bmp,000000000000000000000000010000000000000000000000000
/Users/saureous/Documents/Git/Basecaller/deePore/data/training_chr3_350/chr3-139951.bmp,000000000000000000000000010000000000000000000000000
/Users/saureous/Documents/Git/Basecaller/deePore/data/training_chr3_350/chr3-140194.bmp,000000000000000000000000020000000000000000000000000
/Users/saureous/Documents/Git/Basecaller/deePore/data/training_chr3_350/chr3-140226.bmp,000000000000000000000000010000000000000000000000000
/Users/saureous/Documents/Git/Basecaller/deePore/data/training_chr3_350/chr3-141016.bmp,000000000000000000000000020000000000000000000000000
/Users/saureous/Documents/Git/Basecaller/deePore/data/training_chr3_350/chr3-141117.bmp,000000000000000000000000010000000000000000000000000
/Users/saureous/Documents/Git/Basecaller/deePore/data/training_chr3_350/chr3-141721.bmp,000000000000000000000000010000000000000000000000000
/Users/saureous/Documents/Git/Basecaller/deePore/data/training_chr3_350/chr3-142069.bmp,000000000000000000000000010000000000000000000000000
/Users/saureous/Documents/Git/Basecaller/deePore/data/training_chr3_350/chr3-142131.bmp,000000000000000000000000010000000000000000000000000
/Users/saureous/Documents/Git/Basecaller/deePore/data/training_chr3_350/chr3-142263.bmp,000000000000000000000000010000000000000000002000000
/Users/saureous/Documents/Git/Basecaller/deePore/data/training_chr3_350/chr3-142282.bmp,000000100000000000000000020000000000000000000001000
/Users/saureous/Documents/Git/Basecaller/deePore/data/training_chr3_350/chr3-142304.bmp,000200000000000000000000010000000000000000000000000
/Users/saureous/Documents/Git/Basecaller/deePore/data/training_chr3_350/chr3-142682.bmp,000000000000000000000000010000000000000000000000000
/Users/saureous/Documents/Git/Basecaller/deePore/data/training_chr3_350/chr3-142715.bmp,000000000000000000000000010000000000000000000000000
/Users/saureous/Documents/Git/Basecaller/deePore/data/training_chr3_350/chr3-143524.bmp,000000000000000000000000020000000000000000000000000
/Users/saureous/Documents/Git/Basecaller/deePore/data/training_chr3_350/chr3-143719.bmp,000000000000000000000000010000000000000000000000000
/Users/saureous/Documents/Git/Basecaller/deePore/data/training_chr3_350/chr3-143982.bmp,000000000000000000000000010000000000000000000000000
/Users/saureous/Documents/Git/Basecaller/deePore/data/training_chr3_350/chr3-144668.bmp,000000000000000000000000020000000000000000000000000
/Users/saureous/Documents/Git/Basecaller/deePore/data/training_chr3_350/chr3-144832.bmp,000000000000000000000000020000000000000000000000000
/Users/saureous/Documents/Git/Basecaller/deePore/data/training_chr3_350/chr3-145083.bmp,000000000000000000000000010000000000000000000000000
/Users/saureous/Documents/Git/Basecaller/deePore/data/training_chr3_350/chr3-145118.bmp,000000000000000000000000010000000000000000000000000
/Users/saureous/Documents/Git/Basecaller/deePore/data/training_chr3_350/chr3-145307.bmp,000000000000000000000000010000000000000000000000000
/Users/saureous/Documents/Git/Basecaller/deePore/data/training_chr3_350/chr3-145522.bmp,000000000000000000000000010000000000002000000000000
/Users/saureous/Documents/Git/Basecaller/deePore/data/training_chr3_350/chr3-145535.bmp,000000000000100000000000020000000000000000000000100
/Users/saureous/Documents/Git/Basecaller/deePore/data/training_chr3_350/chr3-145558.bmp,002000000000000000000000010000000000000000000000000
/Users/saureous/Documents/Git/Basecaller/deePore/data/training_chr3_350/chr3-145723.bmp,000000000000000000000000010000000000000000000000000
/Users/saureous/Documents/Git/Basecaller/deePore/data/training_chr3_350/chr3-146480.bmp,0000000000000000000000000220000000033300000000000000110
/Users/saureous/Documents/Git/Basecaller/deePore/data/training_chr3_350/chr3-146503.bmp,00220003000000000000000000011000000000000000000000000
/Users/saureous/Documents/Git/Basecaller/deePore/data/training_chr3_350/chr3-146504.bmp,0220000000033300000000000000110000000000000000000000000
/Users/saureous/Documents/Git/Basecaller/deePore/data/training_chr3_350/chr3-147115.bmp,000000000000000000000000020000000000000000000000000
/Users/saureous/Documents/Git/Basecaller/deePore/data/training_chr3_350/chr3-147349.bmp,000000000000000000000000020000000000000000000000000
/Users/saureous/Documents/Git/Basecaller/deePore/data/training_chr3_350/chr3-147694.bmp,000000000000000000000000010000000000200000000000000
/Users/saureous/Documents/Git/Basecaller/deePore/data/training_chr3_350/chr3-147705.bmp,000000000000001000000000020000000000000000000000000
/Users/saureous/Documents/Git/Basecaller/deePore/data/training_chr3_350/chr3-147804.bmp,000000000000000000000000011110000000000000000000000
/Users/saureous/Documents/Git/Basecaller/deePore/data/training_chr3_350/chr3-147806.bmp,000000000000000000000001111000000000000000000000000
/Users/saureous/Documents/Git/Basecaller/deePore/data/training_chr3_350/chr3-147807.bmp,000000000000000000000011110000000000000000000000000
/Users/saureous/Documents/Git/Basecaller/deePore/data/training_chr3_350/chr3-148121.bmp,000000000000000000000000011110000000000000000000000
/Users/saureous/Documents/Git/Basecaller/deePore/data/training_chr3_350/chr3-148122.bmp,000000000000000000000000111100000000000000000000000
/Users/saureous/Documents/Git/Basecaller/deePore/data/training_chr3_350/chr3-148123.bmp,000000000000000000000001111000000000000000000000000
/Users/saureous/Documents/Git/Basecaller/deePore/data/training_chr3_350/chr3-148124.bmp,000000000000000000000011110000000000000000000000000
/Users/saureous/Documents/Git/Basecaller/deePore/data/training_chr3_350/chr3-148725.bmp,000000000000000000000000010000000000000000000000000
/Users/saureous/Documents/Git/Basecaller/deePore/data/training_chr3_350/chr3-149179.bmp,000000000000000000000000010000000000000000000000000
/Users/saureous/Documents/Git/Basecaller/deePore/data/training_chr3_350/chr3-150753.bmp,000000000000000000000000010000000000000000000000000
/Users/saureous/Documents/Git/Basecaller/deePore/data/training_chr3_350/chr3-151010.bmp,000000000000000000000000010000000000000000000000000
/Users/saureous/Documents/Git/Basecaller/deePore/data/training_chr3_350/chr3-151789.bmp,000000000000000000000000010000000000000000000000000
/Users/saureous/Documents/Git/Basecaller/deePore/data/training_chr3_350/chr3-151979.bmp,000000000000000000000000010000000000000000010000000
/Users/saureous/Documents/Git/Basecaller/deePore/data/training_chr3_350/chr3-151997.bmp,000000010000000000000000010000000000000000000000000
/Users/saureous/Documents/Git/Basecaller/deePore/data/training_chr3_350/chr3-152139.bmp,000000000000000000000000010000000000000000000000000
/Users/saureous/Documents/Git/Basecaller/deePore/data/training_chr3_350/chr3-152606.bmp,000000000000000000000000020000000000000000000000000
/Users/saureous/Documents/Git/Basecaller/deePore/data/training_chr3_350/chr3-153568.bmp,000000000000000000000000010000000000000000002000000
/Users/saureous/Documents/Git/Basecaller/deePore/data/training_chr3_350/chr3-153587.bmp,000000100000000000000000020000000000000000000000000
/Users/saureous/Documents/Git/Basecaller/deePore/data/training_chr3_350/chr3-154590.bmp,000000000000000000000000010000000000000000000000000
/Users/saureous/Documents/Git/Basecaller/deePore/data/training_chr3_350/chr3-154635.bmp,000000000000000000000000010000000000000000000000000
/Users/saureous/Documents/Git/Basecaller/deePore/data/training_chr3_350/chr3-154912.bmp,00000000000000000000000001330000000000000000000000000
/Users/saureous/Documents/Git/Basecaller/deePore/data/training_chr3_350/chr3-156454.bmp,000000000000000000000000010000000000000000000000000
/Users/saureous/Documents/Git/Basecaller/deePore/data/training_chr3_350/chr3-156570.bmp,000000000000000000000000010000000000000000000000000
/Users/saureous/Documents/Git/Basecaller/deePore/data/training_chr3_350/chr3-156999.bmp,000000000000000000000000010000000000000000000000000
/Users/saureous/Documents/Git/Basecaller/deePore/data/training_chr3_350/chr3-157269.bmp,000000000000000000000000020000000000000000000000000
/Users/saureous/Documents/Git/Basecaller/deePore/data/training_chr3_350/chr3-157445.bmp,000000000000000000000000010000000000000000000000000
/Users/saureous/Documents/Git/Basecaller/deePore/data/training_chr3_350/chr3-157481.bmp,000000000000000000000000010000000000000000000000000
/Users/saureous/Documents/Git/Basecaller/deePore/data/training_chr3_350/chr3-158134.bmp,000000000000000000000000020000000000000000000000000
/Users/saureous/Documents/Git/Basecaller/deePore/data/training_chr3_350/chr3-158340.bmp,00000000000000000000000001000000001111100000000000000
/Users/saureous/Documents/Git/Basecaller/deePore/data/training_chr3_350/chr3-158349.bmp,00000000000000001000000001111100000000000000000000000
/Users/saureous/Documents/Git/Basecaller/deePore/data/training_chr3_350/chr3-158566.bmp,000000000000000000000000010000000000000000000000000
/Users/saureous/Documents/Git/Basecaller/deePore/data/training_chr3_350/chr3-158605.bmp,000000000000000000000000010000000000000000000000000
/Users/saureous/Documents/Git/Basecaller/deePore/data/training_chr3_350/chr3-158912.bmp,000000000000000000000000010000000000000000000000000
/Users/saureous/Documents/Git/Basecaller/deePore/data/training_chr3_350/chr3-159288.bmp,000000000000000000000000020000000000000000000000000
/Users/saureous/Documents/Git/Basecaller/deePore/data/training_chr3_350/chr3-159349.bmp,000000000000000000000000010000000000000000000000000
/Users/saureous/Documents/Git/Basecaller/deePore/data/training_chr3_350/chr3-160100.bmp,000000000000000000000000010000000000000000000000000
/Users/saureous/Documents/Git/Basecaller/deePore/data/training_chr3_350/chr3-160607.bmp,000000000000000000000000010000000000000000000000000
/Users/saureous/Documents/Git/Basecaller/deePore/data/training_chr3_350/chr3-161355.bmp,000000000000000000000000010000000000000000000000000
/Users/saureous/Documents/Git/Basecaller/deePore/data/training_chr3_350/chr3-161396.bmp,000000000000000000000000010000000000000000000000000
/Users/saureous/Documents/Git/Basecaller/deePore/data/training_chr3_350/chr3-161562.bmp,000000000000000000000000000000000000000000000000000
/Users/saureous/Documents/Git/Basecaller/deePore/data/training_chr3_350/chr3-162246.bmp,000000000000000000000000020000000000000000000000000
/Users/saureous/Documents/Git/Basecaller/deePore/data/training_chr3_350/chr3-162291.bmp,000000000000000000000000020000000000000000000000000
/Users/saureous/Documents/Git/Basecaller/deePore/data/training_chr3_350/chr3-162346.bmp,000000000000000000000000020000000000000000000000000
/Users/saureous/Documents/Git/Basecaller/deePore/data/training_chr3_350/chr3-162870.bmp,000000000000000000000000020000000000000000000000000
/Users/saureous/Documents/Git/Basecaller/deePore/data/training_chr3_350/chr3-163852.bmp,000000000000000000000000010000000000000000000000000
/Users/saureous/Documents/Git/Basecaller/deePore/data/training_chr3_350/chr3-164422.bmp,000000000000000000000000010000000000000000000000000
/Users/saureous/Documents/Git/Basecaller/deePore/data/training_chr3_350/chr3-164497.bmp,000000000000000000000000020000000000000000000000000
/Users/saureous/Documents/Git/Basecaller/deePore/data/training_chr3_350/chr3-164736.bmp,000000000000000000000000020000000000000000000000000
/Users/saureous/Documents/Git/Basecaller/deePore/data/training_chr3_350/chr3-165112.bmp,000000000000000000000000010000000000000000000000000
/Users/saureous/Documents/Git/Basecaller/deePore/data/training_chr3_350/chr3-165427.bmp,000000000000000000000000010000000000000000000000000
/Users/saureous/Documents/Git/Basecaller/deePore/data/training_chr3_350/chr3-165581.bmp,0000000000000000000000000220000000000000000000000000
/Users/saureous/Documents/Git/Basecaller/deePore/data/training_chr3_350/chr3-165804.bmp,000000000000000000000000010000000000000000000000000
/Users/saureous/Documents/Git/Basecaller/deePore/data/training_chr3_350/chr3-166271.bmp,000000000000000000000000010000000000000000000000000
/Users/saureous/Documents/Git/Basecaller/deePore/data/training_chr3_350/chr3-166507.bmp,000000000000000000000000010000000000000000000000000
/Users/saureous/Documents/Git/Basecaller/deePore/data/training_chr3_350/chr3-167098.bmp,000000000000000000000000010000000000000000000000000
/Users/saureous/Documents/Git/Basecaller/deePore/data/training_chr3_350/chr3-167176.bmp,000000000000000000000000010000000000000000000000000
/Users/saureous/Documents/Git/Basecaller/deePore/data/training_chr3_350/chr3-168610.bmp,000000000000000000000000020000000000000000000000000
/Users/saureous/Documents/Git/Basecaller/deePore/data/training_chr3_350/chr3-168688.bmp,000000000000000000000000010000000000000000000000000
/Users/saureous/Documents/Git/Basecaller/deePore/data/training_chr3_350/chr3-169358.bmp,000000000000000000000000010000000000000000000000000
/Users/saureous/Documents/Git/Basecaller/deePore/data/training_chr3_350/chr3-169680.bmp,000000000000000000000000020000000000000000000000000
/Users/saureous/Documents/Git/Basecaller/deePore/data/training_chr3_350/chr3-170010.bmp,000000000000000000000000010000000000000000000000000
/Users/saureous/Documents/Git/Basecaller/deePore/data/training_chr3_350/chr3-170442.bmp,0000000000000000000000000110000000000000000000000000
/Users/saureous/Documents/Git/Basecaller/deePore/data/training_chr3_350/chr3-170601.bmp,000000000000000000000000010000000001000000000000000
/Users/saureous/Documents/Git/Basecaller/deePore/data/training_chr3_350/chr3-170611.bmp,000000000000000100000000010000000000000000000000000
/Users/saureous/Documents/Git/Basecaller/deePore/data/training_chr3_350/chr3-170798.bmp,000000000000000000000000010000000000000000000000000
/Users/saureous/Documents/Git/Basecaller/deePore/data/training_chr3_350/chr3-170968.bmp,000000000000000000000000010000000000000000000000000
/Users/saureous/Documents/Git/Basecaller/deePore/data/training_chr3_350/chr3-171259.bmp,000000000000000000000000020000000000000000000000000
/Users/saureous/Documents/Git/Basecaller/deePore/data/training_chr3_350/chr3-171308.bmp,000000000000000000000000010000000000000000000000000
/Users/saureous/Documents/Git/Basecaller/deePore/data/training_chr3_350/chr3-171535.bmp,000000000000000000000000010000000000000000001000000
/Users/saureous/Documents/Git/Basecaller/deePore/data/training_chr3_350/chr3-171554.bmp,000000100000000000000000010000000000000000000000000
/Users/saureous/Documents/Git/Basecaller/deePore/data/training_chr3_350/chr3-172333.bmp,000000000000000000000000010000000000000000000100000
/Users/saureous/Documents/Git/Basecaller/deePore/data/training_chr3_350/chr3-172353.bmp,000001000000000000000000010000000000000000000000000
/Users/saureous/Documents/Git/Basecaller/deePore/data/training_chr3_350/chr3-172520.bmp,000000000000000000000000010000000000000000000000000
/Users/saureous/Documents/Git/Basecaller/deePore/data/training_chr3_350/chr3-172636.bmp,000000000000000000000000020000000000000000000000000
/Users/saureous/Documents/Git/Basecaller/deePore/data/training_chr3_350/chr3-172709.bmp,0000000000000000000000000111000000000000000000000000
/Users/saureous/Documents/Git/Basecaller/deePore/data/training_chr3_350/chr3-172756.bmp,000000000000000000000000010000000000000000000000000
/Users/saureous/Documents/Git/Basecaller/deePore/data/training_chr3_350/chr3-172808.bmp,000000000000000000000000010000000000000000200000000
/Users/saureous/Documents/Git/Basecaller/deePore/data/training_chr3_350/chr3-172825.bmp,000000001000000000000000020000000000000000000000000
/Users/saureous/Documents/Git/Basecaller/deePore/data/training_chr3_350/chr3-173374.bmp,000000000000000000000000010000000000000000000000000
/Users/saureous/Documents/Git/Basecaller/deePore/data/training_chr3_350/chr3-173714.bmp,000000000000000000000000010000000000000000000000000
/Users/saureous/Documents/Git/Basecaller/deePore/data/training_chr3_350/chr3-173913.bmp,000000000000000000000000020000000000000000000000000
/Users/saureous/Documents/Git/Basecaller/deePore/data/training_chr3_350/chr3-174463.bmp,000000000000000000000000010000000000000000000000000
/Users/saureous/Documents/Git/Basecaller/deePore/data/training_chr3_350/chr3-174816.bmp,000000000000000000000000020000000000000000000000000
/Users/saureous/Documents/Git/Basecaller/deePore/data/training_chr3_350/chr3-175075.bmp,000000000000000000000000020000000000000000000000000
/Users/saureous/Documents/Git/Basecaller/deePore/data/training_chr3_350/chr3-175348.bmp,000000000000000000000000010000000000000000000000000
/Users/saureous/Documents/Git/Basecaller/deePore/data/training_chr3_350/chr3-176005.bmp,000000000000000000000000020000000010000000000000000
/Users/saureous/Documents/Git/Basecaller/deePore/data/training_chr3_350/chr3-176014.bmp,000000000000000020000000010000000000000000001000000
/Users/saureous/Documents/Git/Basecaller/deePore/data/training_chr3_350/chr3-176033.bmp,000000100000000000000000010000000010000000000000000
/Users/saureous/Documents/Git/Basecaller/deePore/data/training_chr3_350/chr3-176042.bmp,000000000000000010000000010000000000000000000000000
/Users/saureous/Documents/Git/Basecaller/deePore/data/training_chr3_350/chr3-176091.bmp,000000000000000000000000010000000000000000000000000
/Users/saureous/Documents/Git/Basecaller/deePore/data/training_chr3_350/chr3-176238.bmp,000000000000000000000000010000000000000000002000000
/Users/saureous/Documents/Git/Basecaller/deePore/data/training_chr3_350/chr3-176257.bmp,000000100000000000000000020000000000000000000000000
/Users/saureous/Documents/Git/Basecaller/deePore/data/training_chr3_350/chr3-177237.bmp,000000000000000000000000010000000000000000000000000
/Users/saureous/Documents/Git/Basecaller/deePore/data/training_chr3_350/chr3-177755.bmp,000000000000000000000000010000000000000000000000000
/Users/saureous/Documents/Git/Basecaller/deePore/data/training_chr3_350/chr3-177882.bmp,000000000000000000000000020000000000000000000000000
/Users/saureous/Documents/Git/Basecaller/deePore/data/training_chr3_350/chr3-177956.bmp,000000000000000000000000020000000000000000000000000
/Users/saureous/Documents/Git/Basecaller/deePore/data/training_chr3_350/chr3-178525.bmp,000000000000000000000000010000000000000000000000000
/Users/saureous/Documents/Git/Basecaller/deePore/data/training_chr3_350/chr3-178969.bmp,000000000000000000000000020000000000000000000000000
/Users/saureous/Documents/Git/Basecaller/deePore/data/training_chr3_350/chr3-179002.bmp,000000000000000000000000010000000000000000000000000
/Users/saureous/Documents/Git/Basecaller/deePore/data/training_chr3_350/chr3-179274.bmp,000000000000000000000000011111000000000000000000000
/Users/saureous/Documents/Git/Basecaller/deePore/data/training_chr3_350/chr3-179275.bmp,000000000000000000000000111110000000000000000000000
/Users/saureous/Documents/Git/Basecaller/deePore/data/training_chr3_350/chr3-179276.bmp,000000000000000000000001111100000000000000000000000
/Users/saureous/Documents/Git/Basecaller/deePore/data/training_chr3_350/chr3-179277.bmp,000000000000000000000011111000000000000000000000000
/Users/saureous/Documents/Git/Basecaller/deePore/data/training_chr3_350/chr3-179278.bmp,000000000000000000000111110000000000000000000000000
/Users/saureous/Documents/Git/Basecaller/deePore/data/training_chr3_350/chr3-179527.bmp,000000000000000000000000010000000000000000000000000
/Users/saureous/Documents/Git/Basecaller/deePore/data/training_chr3_350/chr3-179950.bmp,000000000000000000000000010000000000000000000000000
/Users/saureous/Documents/Git/Basecaller/deePore/data/training_chr3_350/chr3-180151.bmp,000000000000000000000000010000000000000000000000000
/Users/saureous/Documents/Git/Basecaller/deePore/data/training_chr3_350/chr3-180260.bmp,000000000000000000000000010000000000000000000000000
/Users/saureous/Documents/Git/Basecaller/deePore/data/training_chr3_350/chr3-180299.bmp,0000000000000000000000033001000000000000000000000000000
/Users/saureous/Documents/Git/Basecaller/deePore/data/training_chr3_350/chr3-180299.bmp,0000000000000000000000033001000000000000000000000000000
/Users/saureous/Documents/Git/Basecaller/deePore/data/training_chr3_350/chr3-180825.bmp,000000000000000000000000010000000000000000000000000
/Users/saureous/Documents/Git/Basecaller/deePore/data/training_chr3_350/chr3-180991.bmp,000000000000000000000000010000000000000000000000000
/Users/saureous/Documents/Git/Basecaller/deePore/data/training_chr3_350/chr3-181655.bmp,000000000000000000000000020000000000000000000000000
/Users/saureous/Documents/Git/Basecaller/deePore/data/training_chr3_350/chr3-182674.bmp,000000000000000000000000010000000000000000000000000
/Users/saureous/Documents/Git/Basecaller/deePore/data/training_chr3_350/chr3-183023.bmp,000000000000000000000000010000000000000000000000000
/Users/saureous/Documents/Git/Basecaller/deePore/data/training_chr3_350/chr3-183057.bmp,00000000000000000000000001100300000000000000000000000
/Users/saureous/Documents/Git/Basecaller/deePore/data/training_chr3_350/chr3-184035.bmp,000000000000000000000000010000000000000000000000000
/Users/saureous/Documents/Git/Basecaller/deePore/data/training_chr3_350/chr3-185536.bmp,000000000000000000000000020000000000000000000000000
/Users/saureous/Documents/Git/Basecaller/deePore/data/training_chr3_350/chr3-185596.bmp,000000000000000000000000020000000000000000000000000
/Users/saureous/Documents/Git/Basecaller/deePore/data/training_chr3_350/chr3-185829.bmp,0000000000000000000003000000000000000000000000000000
/Users/saureous/Documents/Git/Basecaller/deePore/data/training_chr3_350/chr3-187858.bmp,000000000000000000000000010000000000000000000000000
/Users/saureous/Documents/Git/Basecaller/deePore/data/training_chr3_350/chr3-188570.bmp,000000000000000000000000010000000000000000000000000
/Users/saureous/Documents/Git/Basecaller/deePore/data/training_chr3_350/chr3-189256.bmp,000000000000000000000000010000000000000000000000000
/Users/saureous/Documents/Git/Basecaller/deePore/data/training_chr3_350/chr3-189315.bmp,000000000000000000000000010000000000000000000000000
/Users/saureous/Documents/Git/Basecaller/deePore/data/training_chr3_350/chr3-190200.bmp,000000000000000000000000010000000000000000000000000
/Users/saureous/Documents/Git/Basecaller/deePore/data/training_chr3_350/chr3-191047.bmp,000000000000000000000000010000000000000001000000000
/Users/saureous/Documents/Git/Basecaller/deePore/data/training_chr3_350/chr3-191063.bmp,000000000100000000000000010000000000000000000000000
/Users/saureous/Documents/Git/Basecaller/deePore/data/training_chr3_350/chr3-191914.bmp,000000000000000000000000010000000000000000000000000
/Users/saureous/Documents/Git/Basecaller/deePore/data/training_chr3_350/chr3-192100.bmp,000000000000000000000000010000000000000000000000000
/Users/saureous/Documents/Git/Basecaller/deePore/data/training_chr3_350/chr3-192201.bmp,0000000000000000000033330000010001000100000000000000000
/Users/saureous/Documents/Git/Basecaller/deePore/data/training_chr3_350/chr3-192205.bmp,0000000000000000333300000100010001000000000000000000000
/Users/saureous/Documents/Git/Basecaller/deePore/data/training_chr3_350/chr3-192209.bmp,000000000000333300000100010001000003333300000000000000000000
/Users/saureous/Documents/Git/Basecaller/deePore/data/training_chr3_350/chr3-192436.bmp,000000000000000000000000020000000000000000000000000
/Users/saureous/Documents/Git/Basecaller/deePore/data/training_chr3_350/chr3-193104.bmp,000000000000000000000000020000000000000000000000000
/Users/saureous/Documents/Git/Basecaller/deePore/data/training_chr3_350/chr3-193230.bmp,000000000000000000000000020000000000000000000000000
/Users/saureous/Documents/Git/Basecaller/deePore/data/training_chr3_350/chr3-193568.bmp,00000000000000000000000001111100000000000003333000000000000
/Users/saureous/Documents/Git/Basecaller/deePore/data/training_chr3_350/chr3-193602.bmp,000003333000000000000000000001000000030300000000000000000
/Users/saureous/Documents/Git/Basecaller/deePore/data/training_chr3_350/chr3-193657.bmp,000000000000000000000000010000000000000000000000000
/Users/saureous/Documents/Git/Basecaller/deePore/data/training_chr3_350/chr3-193981.bmp,000000000000000000000000020000000000000000000000000
/Users/saureous/Documents/Git/Basecaller/deePore/data/training_chr3_350/chr3-194015.bmp,0000000000000000000000000320000000000000000000000000
